Event #,Date and Time,Visitor,Home,Market,Odds,Prop,Win%,Edge,Market.1
146,Jan 16 At 20:00,Collin Graf,Goals,HKY - GOAL SCORERS,5.5,0.5,0.21062073914603516,0.15841406530319335,Over
147,Jan 16 At 21:00,Jordan Kyrou,Goals,HKY - GOAL SCORERS,3.5,0.5,0.31818181818181823,0.11363636363636376,Over
175,Jan 16 At 20:30,Chicago,Brooklyn,BASKETBALL - NBA WINNING MARGIN,3.95,H 1-10,0.27425311775007355,0.08329981511279061,H 10+edge
246,Jan 16 At 22:30,Alperen Sengun,Rebounds,BASKETBALL - NBA - TTL REBOUNDS,1.85,8.5,0.5707833363158501,0.055949172184322826,Over
244,Jan 16 At 20:30,Nikola Vucevic,Rebounds,BASKETBALL - NBA - TTL REBOUNDS,1.75,10.5,0.6001628554923971,0.050284997111694985,Under
173,Jan 16 At 20:00,Cleveland,Philadelphia,BASKETBALL - NBA WINNING MARGIN,3.65,H 1-10,0.28773971884902705,0.0502499737989488,H 10+edge
221,Jan 16 At 23:00,Zach LaVine,points,BASKETBALL - NBA - TTL POINTS,1.8,20.5,0.5801784664707454,0.044321239647341804,Over
163,Jan 16 At 20:30,Chicago,Brooklyn,BASKETBALL - NBA,,226.5,0.5525,0.033174999999999955,TTl un Edge
236,Jan 16 At 20:00,Derik Queen,Rebounds,BASKETBALL - NBA - TTL REBOUNDS,1.7,7.5,0.6072654705172185,0.03235129987927143,Over
148,Jan 16 At 22:00,Brock Nelson,Goals,HKY - GOAL SCORERS,2.5,0.5,0.4116122343182996,0.02903058579574891,Over
140,Jan 16 At 20:00,Florida,Carolina,HOCKEY - NHL WINNING MARGIN,7.25,0,0.14187643020594964,0.028604118993134975,V 3+ edge
216,Jan 16 At 22:30,Amen Thompson,points,BASKETBALL - NBA - TTL POINTS,1.9,19.5,0.5398936170212767,0.025797872340425743,Under
240,Jan 16 At 20:00,Pascal Siakam,Rebounds,BASKETBALL - NBA - TTL REBOUNDS,2.05,7.5,0.4959893048128342,0.01677807486631,Over
177,Jan 16 At 22:30,Minnesota,Houston,BASKETBALL - NBA WINNING MARGIN,2.95,H 1-10,0.3445782583896757,0.016505862249543313,H 10+edge
148,Jan 16 At 22:00,Artturi Lehkonen,Goals,HKY - GOAL SCORERS,2.9,0.5,0.3502068629836943,0.015599902652713382,Over
241,Jan 16 At 20:30,Collin Murray-Boyles,Rebounds,BASKETBALL - NBA - TTL REBOUNDS,1.7,8.5,0.5954959233311685,0.012343069662986483,Under
145,Jan 16 At 20:00,Seth Jarvis,Goals,HKY - GOAL SCORERS,2.9,0.5,0.3487241798298906,0.011300121506682803,Over
239,Jan 16 At 20:00,Joel Embiid,Rebounds,BASKETBALL - NBA - TTL REBOUNDS,2.0,8.5,0.505091103965702,0.010182207931404008,Over
147,Jan 16 At 21:00,Oliver Bjorkstrand,Goals,HKY - GOAL SCORERS,5.5,0.5,0.18364073777064957,0.010024057738572623,Over
222,Jan 16 At 20:00,Andrew Nembhard,Assists,BASKETBALL - NBA - TTL ASSISTS,2.0,7.5,0.5040106951871657,0.00802139037433136,Over
257,Jan 16 At 23:30,Colorado State,Boise State,BASKETBALL - NCAA,1.82,140.5,0.5525,0.005549999999999944,TTl un Edge
141,Jan 16 At 20:00,San Jose,Detroit,HOCKEY - NHL WINNING MARGIN,7.7,0,0.1302292602221697,0.0027653037107067124,V 3+ edge
238,Jan 16 At 20:00,Jarrett Allen,Rebounds,BASKETBALL - NBA - TTL REBOUNDS,1.85,8.5,0.5418326693227091,0.0023904382470119057,Over
176,Jan 16 At 20:30,LosAngelesC,Toronto,BASKETBALL - NBA WINNING MARGIN,3.65,Win 10+,0.27425311775007355,0.0010238797877684114,V 10+ edge
251,Jan 16 At 19:30,Creighton,Providence,BASKETBALL - NCAA,1.87,161.5,0.535,0.00045000000000006146,TTl un Edge
165,Jan 16 At 22:30,Minnesota,Houston,BASKETBALL - NBA,,222.5,0.535,0.00045000000000006146,TTl un Edge
231,Jan 16 At 22:30,Alperen Sengun,Assists,BASKETBALL - NBA - TTL ASSISTS,2.1,5.5,0.474680170575693,-0.003171641791044677,Under
226,Jan 16 At 20:30,Egor Demin,Assists,BASKETBALL - NBA - TTL ASSISTS,1.85,4.5,0.5370911991491625,-0.00638128157404938,Under
237,Jan 16 At 20:00,Evan Mobley,Rebounds,BASKETBALL - NBA - TTL REBOUNDS,1.8,9.5,0.5511393746687865,-0.007949125596184325,Under
136,Jan 16 At 20:00,San Jose,Detroit,HOCKEY - NHL H2H,2.62,0,0.37756332931242464,-0.010784077201447362,V Edge
230,Jan 16 At 20:30,Tre Jones,Assists,BASKETBALL - NBA - TTL ASSISTS,1.75,6.5,0.5651945320715037,-0.010909568874868492,Under
209,Jan 16 At 20:00,Tyrese Maxey,points,BASKETBALL - NBA - TTL POINTS,1.85,26.5,0.5342902711323764,-0.011562998405103664,Over
217,Jan 16 At 22:30,Julius Randle,points,BASKETBALL - NBA - TTL POINTS,1.8,24.5,0.548489666136725,-0.012718600953894987,Under
256,Jan 16 At 21:30,Ohio,Ball State,BASKETBALL - NCAA,1.9,146.5,0.5175,-0.016750000000000154,TTl ov edge
147,Jan 16 At 21:00,Brandon Hagel,Goals,HKY - GOAL SCORERS,2.65,0.5,0.3707865168539326,-0.01741573033707866,Over
249,Jan 16 At 23:00,Alexandre Sarr,Rebounds,BASKETBALL - NBA - TTL REBOUNDS,1.95,7.5,0.5020058839261836,-0.021088526343941982,Over
234,Jan 16 At 23:00,Kyshawn George,Assists,BASKETBALL - NBA - TTL ASSISTS,1.95,4.5,0.5,-0.025000000000000022,Over
254,Jan 16 At 21:30,Loyola Chicago,Dayton,BASKETBALL - NCAA,1.82,142.5,0.535,-0.02629999999999988,TTl ov edge
255,Jan 16 At 21:30,Marquette,DePaul,BASKETBALL - NCAA,1.82,144.5,0.535,-0.02629999999999988,TTl ov edge
174,Jan 16 At 20:00,New Orleans,Indiana,BASKETBALL - NBA WINNING MARGIN,2.95,H 1-10,0.32996855366059363,-0.02659276670124877,H 10+edge
172,Jan 16 At 23:00,Washington,Sacramento,BASKETBALL - NBA H2H,3.17,0,0.30680078722938986,-0.02744150448283411,V Edge
166,Jan 16 At 23:00,Washington,Sacramento,BASKETBALL - NBA,1.94,-7.5,0.5,-0.030000000000000027,H Spr Edge
148,Jan 16 At 22:00,Nathan MacKinnon,Goals,HKY - GOAL SCORERS,1.75,0.5,0.554089709762533,-0.03034300791556721,Over
161,Jan 16 At 20:00,Cleveland,Philadelphia,BASKETBALL - NBA,,233.5,0.5175000000000001,-0.03227499999999983,TTl un Edge
252,Jan 16 At 19:30,Toledo,Kent State,BASKETBALL - NCAA,1.87,5.5,0.5175,-0.032275000000000054,V Spr Edge
254,Jan 16 At 21:30,Loyola Chicago,Dayton,BASKETBALL - NCAA,1.87,16.5,0.5175,-0.032275000000000054,V Spr Edge
252,Jan 16 At 19:30,Toledo,Kent State,BASKETBALL - NCAA,1.87,169.5,0.5175,-0.032275000000000054,TTl ov edge
132,Jan 16 At 21:00,Tampa Bay,St. Louis,HOCKEY - NHL,0.0,1.5,0.5924819517052526,-0.03425441872043822,H Spr Edge
184,Jan 16 At 20:00,Sam Bennett,Total Shots,HKY - TTL SHOTS,1.75,2.5,0.5517241379310345,-0.034482758620689724,Under
268,Jan 16 At 21:30,Ohio,Ball State,BASKETBALL - NCAA WINNING MARGIN,2.8,Win 10+,0.3445782583896757,-0.03518087650890811,V 10+ edge
206,Jan 16 At 20:00,Joel Embiid,points,BASKETBALL - NBA - TTL POINTS,1.8,25.5,0.5358890077560845,-0.03539978603904792,Over
255,Jan 16 At 21:30,Marquette,DePaul,BASKETBALL - NCAA,1.8,4.5,0.535,-0.03699999999999992,V Spr Edge
170,Jan 16 At 20:30,LosAngelesC,Toronto,BASKETBALL - NBA H2H,2.06,0,0.4662921348314607,-0.03943820224719097,H edge
205,Jan 16 At 20:00,Donovan Mitchell,points,BASKETBALL - NBA - TTL POINTS,1.85,29.5,0.5191023243387657,-0.039660699973283475,Over
256,Jan 16 At 21:30,Ohio,Ball State,BASKETBALL - NCAA,1.92,4.5,0.5,-0.040000000000000036,H Spr Edge
259,Jan 16 At 19:30,Toledo,Kent State,BASKETBALL - NCAA H2H,2.7,0,0.3552224601475137,-0.04089935760171304,V Edge
168,Jan 16 At 20:00,New Orleans,Indiana,BASKETBALL - NBA H2H,2.38,0,0.4029114236368122,-0.04107081174438698,V Edge
248,Jan 16 At 22:30,Rudy Gobert,Rebounds,BASKETBALL - NBA - TTL REBOUNDS,1.95,11.5,0.49089448312801287,-0.04275575790037489,Over
262,Jan 16 At 21:30,Ohio,Ball State,BASKETBALL - NCAA H2H,2.7,0,0.35437930215998104,-0.04317588416805118,H edge
211,Jan 16 At 20:30,Brandon Ingram,points,BASKETBALL - NBA - TTL POINTS,1.8,24.5,0.5306604427847426,-0.04481120298746333,Under
191,Jan 16 At 21:00,Jimmy Snuggerud,Total Shots,HKY - TTL SHOTS,1.45,1.5,0.6585365853658537,-0.045121951219512235,Over
213,Jan 16 At 20:30,Kawhi Leonard,points,BASKETBALL - NBA - TTL POINTS,1.9,26.5,0.5020058839261835,-0.04618882054025142,Over
251,Jan 16 At 19:30,Creighton,Providence,BASKETBALL - NCAA,2.65,0,0.3594235667820087,-0.047527548027677,V Edge
145,Jan 16 At 20:00,Sam Bennett,Goals,HKY - GOAL SCORERS,2.8,0.5,0.3400527957763379,-0.0478521718262539,Over
148,Jan 16 At 22:00,Cale Makar,Goals,HKY - GOAL SCORERS,3.6,0.5,0.26440539436044136,-0.048140580302411085,Over
161,Jan 16 At 20:00,Cleveland,Philadelphia,BASKETBALL - NBA,1.9,2.5,0.5,-0.050000000000000044,V Spr Edge
165,Jan 16 At 22:30,Minnesota,Houston,BASKETBALL - NBA,1.9,4.5,0.5,-0.050000000000000044,V Spr Edge
207,Jan 16 At 20:00,Pascal Siakam,points,BASKETBALL - NBA - TTL POINTS,1.8,25.5,0.5276604427847427,-0.05021120298746318,Over
130,Jan 16 At 20:00,Florida,Carolina,HOCKEY - NHL,0.0,6,0.5330929693535925,-0.05109451455060532,TTl un Edge
137,Jan 16 At 21:00,Tampa Bay,St. Louis,HOCKEY - NHL H2H,2.58,0,0.36769267477928896,-0.05135289906943441,H edge
133,Jan 16 At 22:00,Nashville,Colorado,HOCKEY - NHL,0.0,1.5,0.47841726618705044,-0.05273381294964019,V Spr Edge
148,Jan 16 At 22:00,Martin Necas,Goals,HKY - GOAL SCORERS,2.45,0.5,0.38640973630831643,-0.053296146044624626,Over
147,Jan 16 At 21:00,Jake Guentzel,Goals,HKY - GOAL SCORERS,2.65,0.5,0.3570552147239264,-0.05380368098159516,Over
203,Jan 16 At 23:30,Cutter Gauthier,Total Shots,HKY - TTL SHOTS,2.0,2.5,0.472994652406417,-0.05401069518716595,Under
225,Jan 16 At 20:00,Tyrese Maxey,Assists,BASKETBALL - NBA - TTL ASSISTS,1.95,6.5,0.48488900775608457,-0.05446643487563507,Over
228,Jan 16 At 20:30,James Harden,Assists,BASKETBALL - NBA - TTL ASSISTS,2.0,7.5,0.47270306258322237,-0.05459387483355527,Over
229,Jan 16 At 20:30,Scottie Barnes,Assists,BASKETBALL - NBA - TTL ASSISTS,1.6,5.5,0.5900976918194454,-0.05584369308888737,Under
233,Jan 16 At 22:30,Julius Randle,Assists,BASKETBALL - NBA - TTL ASSISTS,1.75,5.5,0.5391766268260292,-0.05644090305444893,Under
212,Jan 16 At 20:30,James Harden,points,BASKETBALL - NBA - TTL POINTS,1.9,25.5,0.49627176781002647,-0.05708364116094977,Under
169,Jan 16 At 20:30,Chicago,Brooklyn,BASKETBALL - NBA H2H,2.02,0,0.4662921348314607,-0.05808988764044942,V Edge
164,Jan 16 At 20:30,LosAngelesC,Toronto,BASKETBALL - NBA,,215.5,0.5175000000000001,-0.05814999999999981,TTl un Edge
162,Jan 16 At 20:00,New Orleans,Indiana,BASKETBALL - NBA,1.82,4.5,0.5175,-0.058150000000000035,V Spr Edge
163,Jan 16 At 20:30,Chicago,Brooklyn,BASKETBALL - NBA,1.82,-1.5,0.5175,-0.058150000000000035,H Spr Edge
130,Jan 16 At 20:00,Florida,Carolina,HOCKEY - NHL,0.0,1.5,0.611545988258317,-0.0582191780821919,V Spr Edge
133,Jan 16 At 22:00,Nashville,Colorado,HOCKEY - NHL,0.0,6,0.5288957688338494,-0.05856553147574817,TTl ov edge
232,Jan 16 At 22:30,Amen Thompson,Assists,BASKETBALL - NBA - TTL ASSISTS,1.6,4.5,0.5883877656817005,-0.05857957490927923,Over
131,Jan 16 At 20:00,San Jose,Detroit,HOCKEY - NHL,0.0,6,0.5167958656330749,-0.05943152454780365,TTl ov edge
167,Jan 16 At 20:00,Cleveland,Philadelphia,BASKETBALL - NBA H2H,2.13,0,0.4413549039433772,-0.059914054600606614,V Edge
242,Jan 16 At 20:30,Ivica Zubac,Rebounds,BASKETBALL - NBA - TTL REBOUNDS,1.7,10.5,0.5529100529100528,-0.06005291005291025,Under
171,Jan 16 At 22:30,Minnesota,Houston,BASKETBALL - NBA H2H,2.45,0,0.3836447464207716,-0.06007037126910941,V Edge
235,Jan 16 At 23:00,Russell Westbrook,Assists,BASKETBALL - NBA - TTL ASSISTS,1.75,7.5,0.5370911991491625,-0.060090401488965606,Under
261,Jan 16 At 21:30,Marquette,DePaul,BASKETBALL - NCAA H2H,2.45,0,0.38359528487229866,-0.06019155206286819,V Edge
220,Jan 16 At 23:00,DeMar DeRozan,points,BASKETBALL - NBA - TTL POINTS,1.8,20.5,0.521531100478469,-0.06124401913875588,Under
156,Jan 16 At 21:00,Chicago,Milwaukee,HOCKEY - AHL,0.0,5.5,0.512978324859513,-0.06124966550709121,TTl un Edge
147,Jan 16 At 21:00,Jake Neighbours,Goals,HKY - GOAL SCORERS,3.75,0.5,0.2502532928064843,-0.06155015197568392,Over
178,Jan 16 At 23:00,Washington,Sacramento,BASKETBALL - NBA WINNING MARGIN,2.15,H 1-10,0.4364405371085671,-0.061652845216580765,H 10+edge
153,Jan 16 At 20:00,Utica,Syracuse,HOCKEY - AHL,0.0,5.5,0.5182715390770873,-0.06192851427047186,TTl un Edge
210,Jan 16 At 20:00,Zion Williamson,points,BASKETBALL - NBA - TTL POINTS,1.8,24.5,0.5210891617725575,-0.06203950880939646,Under
160,Jan 16 At 23:00,Abbotsford,San Diego,HOCKEY - AHL,0.0,5.5,0.5121560245792146,-0.06275447502003728,TTl un Edge
151,Jan 16 At 20:00,Rochester,Belleville,HOCKEY - AHL,0.0,6,0.535143769968051,-0.06349840255591066,TTl ov edge
155,Jan 16 At 20:05,Hartford,Wilkes-Barre,HOCKEY - AHL,0.0,5.5,0.5061497326203208,-0.0636229946524064,TTl un Edge
150,Jan 16 At 20:00,Manitoba,Laval,HOCKEY - AHL,0.0,5.5,0.5172413793103449,-0.06379310344827582,TTl un Edge
258,Jan 16 At 19:30,Creighton,Providence,BASKETBALL - NCAA H2H,1.82,0,0.5142857142857141,-0.06400000000000028,V Edge
253,Jan 16 At 21:00,Baylor,Kansas,BASKETBALL - NCAA,1.87,7.5,0.5,-0.06499999999999995,V Spr Edge
257,Jan 16 At 23:30,Colorado State,Boise State,BASKETBALL - NCAA,1.87,5.5,0.5,-0.06499999999999995,V Spr Edge
253,Jan 16 At 21:00,Baylor,Kansas,BASKETBALL - NCAA,1.87,-7.5,0.5,-0.06499999999999995,H Spr Edge
257,Jan 16 At 23:30,Colorado State,Boise State,BASKETBALL - NCAA,1.87,-5.5,0.5,-0.06499999999999995,H Spr Edge
253,Jan 16 At 21:00,Baylor,Kansas,BASKETBALL - NCAA,1.87,155.5,0.5,-0.06499999999999995,TTl ov edge
162,Jan 16 At 20:00,New Orleans,Indiana,BASKETBALL - NBA,,241.5,0.5,-0.06499999999999995,TTl ov edge
166,Jan 16 At 23:00,Washington,Sacramento,BASKETBALL - NBA,,233.5,0.5,-0.06499999999999995,TTl ov edge
152,Jan 16 At 20:00,Rockford,Grand Rapids,HOCKEY - AHL,0.0,5.5,0.5,-0.06499999999999995,TTl ov edge
159,Jan 16 At 22:00,San Jose,Tucson,HOCKEY - AHL,0.0,6,0.5,-0.06499999999999995,TTl ov edge
253,Jan 16 At 21:00,Baylor,Kansas,BASKETBALL - NCAA,1.87,155.5,0.5,-0.06499999999999995,TTl un Edge
162,Jan 16 At 20:00,New Orleans,Indiana,BASKETBALL - NBA,,241.5,0.5,-0.06499999999999995,TTl un Edge
166,Jan 16 At 23:00,Washington,Sacramento,BASKETBALL - NBA,,233.5,0.5,-0.06499999999999995,TTl un Edge
152,Jan 16 At 20:00,Rockford,Grand Rapids,HOCKEY - AHL,0.0,5.5,0.5,-0.06499999999999995,TTl un Edge
159,Jan 16 At 22:00,San Jose,Tucson,HOCKEY - AHL,0.0,6,0.5,-0.06499999999999995,TTl un Edge
247,Jan 16 At 22:30,Amen Thompson,Rebounds,BASKETBALL - NBA - TTL REBOUNDS,2.05,7.5,0.4560453725186904,-0.06510698633668477,Under
157,Jan 16 At 21:00,Toronto,Iowa,HOCKEY - AHL,0.0,5.5,0.5162753468516542,-0.06554162219850579,TTl un Edge
243,Jan 16 At 20:30,Nic Claxton,Rebounds,BASKETBALL - NBA - TTL REBOUNDS,1.8,7.5,0.5191023243387658,-0.0656158161902215,Over
157,Jan 16 At 21:00,Toronto,Iowa,HOCKEY - AHL,0.0,5.5,0.4837246531483458,-0.06641141942369266,TTl ov edge
155,Jan 16 At 20:05,Hartford,Wilkes-Barre,HOCKEY - AHL,0.0,5.5,0.4938502673796792,-0.0666229946524064,TTl ov edge
131,Jan 16 At 20:00,San Jose,Detroit,HOCKEY - NHL,0.0,1.5,0.5795283492222779,-0.06695935775213246,V Spr Edge
132,Jan 16 At 21:00,Tampa Bay,St. Louis,HOCKEY - NHL,0.0,6,0.5686722518405687,-0.06737750698146738,TTl un Edge
181,Jan 16 At 20:00,Dylan Larkin,Total Shots,HKY - TTL SHOTS,1.7,2.5,0.548489666136725,-0.06756756756756754,Over
187,Jan 16 At 20:00,Seth Jarvis,Total Shots,HKY - TTL SHOTS,1.85,2.5,0.5040106951871657,-0.06758021390374347,Over
145,Jan 16 At 20:00,Anton Lundell,Goals,HKY - GOAL SCORERS,3.75,0.5,0.24860111910471624,-0.06774580335731406,Over
145,Jan 16 At 20:00,Andrei Svechnikov,Goals,HKY - GOAL SCORERS,3.1,0.5,0.30065212502810884,-0.06797841241286262,Over
160,Jan 16 At 23:00,Abbotsford,San Diego,HOCKEY - AHL,0.0,5.5,0.4878439754207854,-0.06821800694629998,TTl ov edge
150,Jan 16 At 20:00,Manitoba,Laval,HOCKEY - AHL,0.0,5.5,0.48275862068965514,-0.06827586206896563,TTl ov edge
251,Jan 16 At 19:30,Creighton,Providence,BASKETBALL - NCAA,1.8,1.5,0.5175,-0.0685,H Spr Edge
164,Jan 16 At 20:30,LosAngelesC,Toronto,BASKETBALL - NBA,1.8,2.5,0.5175,-0.0685,H Spr Edge
145,Jan 16 At 20:00,Logan Stankoven,Goals,HKY - GOAL SCORERS,4.5,0.5,0.20690870637997885,-0.06891082129009518,Over
245,Jan 16 At 20:30,Scottie Barnes,Rebounds,BASKETBALL - NBA - TTL REBOUNDS,1.8,8.5,0.5172413793103449,-0.06896551724137923,Over
197,Jan 16 At 22:00,Martin Necas,Total Shots,HKY - TTL SHOTS,1.8,2.5,0.5172413793103449,-0.06896551724137923,Under
180,Jan 16 At 20:00,Andrei Svechnikov,Total Shots,HKY - TTL SHOTS,1.9,2.5,0.48984500267236775,-0.06929449492250128,Over
182,Jan 16 At 20:00,Macklin Celebrini,Total Shots,HKY - TTL SHOTS,1.9,3.5,0.48984500267236764,-0.0692944949225015,Under
202,Jan 16 At 23:30,Chris Kreider,Total Shots,HKY - TTL SHOTS,1.9,1.5,0.48984500267236764,-0.0692944949225015,Under
198,Jan 16 At 22:00,Nathan MacKinnon,Total Shots,HKY - TTL SHOTS,1.75,4.5,0.5318011758417959,-0.06934794227685726,Under
156,Jan 16 At 21:00,Chicago,Milwaukee,HOCKEY - AHL,0.0,5.5,0.48702167514048705,-0.0697886004816698,TTl ov edge
135,Jan 16 At 20:00,Florida,Carolina,HOCKEY - NHL H2H,1.54,0,0.6039774122268597,-0.06987478517063594,H edge
134,Jan 16 At 23:30,Anaheim,Los Angeles,HOCKEY - NHL,0.0,6,0.5225225225225224,-0.06990990990991008,TTl un Edge
149,Jan 16 At 23:30,Mikael Granlund,Goals,HKY - GOAL SCORERS,4.2,0.5,0.2214022140221402,-0.07011070110701112,Over
153,Jan 16 At 20:00,Utica,Syracuse,HOCKEY - AHL,0.0,5.5,0.4817284609229127,-0.07026407041877847,TTl ov edge
204,Jan 16 At 23:30,Kevin Fiala,Total Shots,HKY - TTL SHOTS,1.65,2.5,0.563454449710374,-0.07030015797788303,Over
139,Jan 16 At 23:30,Anaheim,Los Angeles,HOCKEY - NHL H2H,1.67,0,0.5566801619433199,-0.07034412955465574,H edge
131,Jan 16 At 20:00,San Jose,Detroit,HOCKEY - NHL,0.0,-1.5,0.420471650777722,-0.0707576517812345,H Spr Edge
219,Jan 16 At 23:00,Alexandre Sarr,points,BASKETBALL - NBA - TTL POINTS,1.9,18.5,0.4888888888888889,-0.07111111111111124,Over
215,Jan 16 At 20:30,Scottie Barnes,points,BASKETBALL - NBA - TTL POINTS,1.9,19.5,0.4888888888888888,-0.07111111111111124,Under
218,Jan 16 At 22:30,Kevin Durant,points,BASKETBALL - NBA - TTL POINTS,1.85,25.5,0.5020058839261835,-0.07128911473656052,Over
196,Jan 16 At 22:00,Filip Forsberg,Total Shots,HKY - TTL SHOTS,1.9,2.5,0.48806650576562083,-0.07267363904532043,Over
193,Jan 16 At 21:00,Nikita Kucherov,Total Shots,HKY - TTL SHOTS,1.6,2.5,0.5791807983302897,-0.07331072267153649,Over
139,Jan 16 At 23:30,Anaheim,Los Angeles,HOCKEY - NHL H2H,2.09,0,0.4433198380566802,-0.07346153846153847,V Edge
251,Jan 16 At 19:30,Creighton,Providence,BASKETBALL - NCAA,1.92,-1.5,0.4825,-0.07360000000000011,V Spr Edge
164,Jan 16 At 20:30,LosAngelesC,Toronto,BASKETBALL - NBA,1.92,-2.5,0.4825,-0.07360000000000011,V Spr Edge
134,Jan 16 At 23:30,Anaheim,Los Angeles,HOCKEY - NHL,0.0,6,0.4774774774774776,-0.0736936936936935,TTl ov edge
146,Jan 16 At 20:00,Alex Debrincat,Goals,HKY - GOAL SCORERS,2.25,0.5,0.4116122343182996,-0.07387247278382592,Over
183,Jan 16 At 20:00,Patrick Kane,Total Shots,HKY - TTL SHOTS,1.7,2.5,0.5446333687566419,-0.07412327311370881,Under
250,Jan 16 At 23:00,DOMANTAS SABONIS,Rebounds,BASKETBALL - NBA - TTL REBOUNDS,2.0,9.5,0.4629088008508375,-0.07418239829832496,Over
146,Jan 16 At 20:00,Macklin Celebrini,Goals,HKY - GOAL SCORERS,2.4,0.5,0.38567422890644915,-0.07438185062452207,Over
260,Jan 16 At 21:00,Baylor,Kansas,BASKETBALL - NCAA H2H,1.24,0,0.746415242584954,-0.07444509919465714,H edge
151,Jan 16 At 20:00,Rochester,Belleville,HOCKEY - AHL,0.0,6,0.464856230031949,-0.07493610223642155,TTl un Edge
188,Jan 16 At 20:00,Tyler Toffoli,Total Shots,HKY - TTL SHOTS,1.7,2.5,0.543910851684797,-0.0753515521358451,Under
192,Jan 16 At 21:00,Jordan Kyrou,Total Shots,HKY - TTL SHOTS,1.7,2.5,0.543910851684797,-0.0753515521358451,Under
185,Jan 16 At 20:00,Sam Reinhart,Total Shots,HKY - TTL SHOTS,1.95,2.5,0.4738387613454351,-0.07601441537640152,Over
146,Jan 16 At 20:00,William Eklund,Goals,HKY - GOAL SCORERS,3.4,0.5,0.2716493753969934,-0.07639212365022241,Over
258,Jan 16 At 19:30,Creighton,Providence,BASKETBALL - NCAA H2H,1.9,0,0.4857142857142857,-0.07714285714285718,H edge
145,Jan 16 At 20:00,Sam Reinhart,Goals,HKY - GOAL SCORERS,2.4,0.5,0.384498480243161,-0.07720364741641361,Over
195,Jan 16 At 22:00,Cale Makar,Total Shots,HKY - TTL SHOTS,2.0,2.5,0.4613333333333334,-0.07733333333333325,Under
199,Jan 16 At 22:00,Roman Josi,Total Shots,HKY - TTL SHOTS,2.1,2.5,0.4390308138003687,-0.07803529101922568,Over
196,Jan 16 At 22:00,Filip Forsberg,Total Shots,HKY - TTL SHOTS,1.8,2.5,0.5119334942343792,-0.07851971037811745,Under
218,Jan 16 At 22:30,Kevin Durant,points,BASKETBALL - NBA - TTL POINTS,1.85,25.5,0.4979941160738165,-0.07871088526343939,Under
134,Jan 16 At 23:30,Anaheim,Los Angeles,HOCKEY - NHL,0.0,1.5,0.6486486486486486,-0.07891891891891911,V Spr Edge
263,Jan 16 At 23:30,Colorado State,Boise State,BASKETBALL - NCAA H2H,1.37,0,0.6723073404985136,-0.07893894351703634,H edge
149,Jan 16 At 23:30,Quinton Byfield,Goals,HKY - GOAL SCORERS,3.3,0.5,0.2791047987949214,-0.07895416397675947,Over
263,Jan 16 At 23:30,Colorado State,Boise State,BASKETBALL - NCAA H2H,2.81,0,0.3276926595014864,-0.07918362680082314,V Edge
185,Jan 16 At 20:00,Sam Reinhart,Total Shots,HKY - TTL SHOTS,1.75,2.5,0.5261612386545649,-0.07921783235451141,Under
134,Jan 16 At 23:30,Anaheim,Los Angeles,HOCKEY - NHL,0.0,-1.5,0.35135135135135137,-0.07945945945945943,H Spr Edge
194,Jan 16 At 21:00,Brandon Hagel,Total Shots,HKY - TTL SHOTS,1.6,2.5,0.5751633986928105,-0.0797385620915031,Over
215,Jan 16 At 20:30,Scottie Barnes,points,BASKETBALL - NBA - TTL POINTS,1.8,19.5,0.5111111111111112,-0.07999999999999985,Over
219,Jan 16 At 23:00,Alexandre Sarr,points,BASKETBALL - NBA - TTL POINTS,1.8,18.5,0.5111111111111111,-0.08000000000000007,Under
255,Jan 16 At 21:30,Marquette,DePaul,BASKETBALL - NCAA,3.9,0,0.23576249777925118,-0.08052625866092045,V Edge
138,Jan 16 At 22:00,Nashville,Colorado,HOCKEY - NHL H2H,1.26,0,0.7292301442210034,-0.0811700182815357,H edge
135,Jan 16 At 20:00,Florida,Carolina,HOCKEY - NHL H2H,2.32,0,0.39602258777314014,-0.08122759636631494,V Edge
132,Jan 16 At 21:00,Tampa Bay,St. Louis,HOCKEY - NHL,0.0,6,0.4313277481594313,-0.08127189642041133,TTl ov edge
264,Jan 16 At 19:30,Creighton,Providence,BASKETBALL - NCAA WINNING MARGIN,3.7,Win 10+,0.24825223045357048,-0.08146674732178916,V 10+ edge
261,Jan 16 At 21:30,Marquette,DePaul,BASKETBALL - NCAA H2H,1.49,0,0.6164047151277013,-0.08155697445972498,H edge
171,Jan 16 At 22:30,Minnesota,Houston,BASKETBALL - NBA H2H,1.49,0,0.6163552535792284,-0.08163067216694975,H edge
182,Jan 16 At 20:00,Macklin Celebrini,Total Shots,HKY - TTL SHOTS,1.8,3.5,0.5101549973276324,-0.08172100481026168,Over
202,Jan 16 At 23:30,Chris Kreider,Total Shots,HKY - TTL SHOTS,1.8,1.5,0.5101549973276324,-0.08172100481026168,Over
180,Jan 16 At 20:00,Andrei Svechnikov,Total Shots,HKY - TTL SHOTS,1.8,2.5,0.5101549973276323,-0.0817210048102619,Under
131,Jan 16 At 20:00,San Jose,Detroit,HOCKEY - NHL,0.0,6,0.4832041343669251,-0.08191214470284236,TTl un Edge
145,Jan 16 At 20:00,Carter Verhaeghe,Goals,HKY - GOAL SCORERS,3.25,0.5,0.2824626056796011,-0.08199653154129649,Over
169,Jan 16 At 20:30,Chicago,Brooklyn,BASKETBALL - NBA H2H,1.72,0,0.5337078651685393,-0.08202247191011247,H edge
187,Jan 16 At 20:00,Seth Jarvis,Total Shots,HKY - TTL SHOTS,1.85,2.5,0.4959893048128343,-0.08241978609625644,Under
201,Jan 16 At 23:30,Adrian Kempe,Total Shots,HKY - TTL SHOTS,2.1,2.5,0.4369189907038512,-0.08247011952191241,Under
197,Jan 16 At 22:00,Martin Necas,Total Shots,HKY - TTL SHOTS,1.9,2.5,0.48275862068965514,-0.08275862068965523,Over
245,Jan 16 At 20:30,Scottie Barnes,Rebounds,BASKETBALL - NBA - TTL REBOUNDS,1.9,8.5,0.48275862068965514,-0.08275862068965523,Under
146,Jan 16 At 20:00,Alex Wennberg,Goals,HKY - GOAL SCORERS,4.75,0.5,0.1930643547849283,-0.08294431477159048,Over
163,Jan 16 At 20:30,Chicago,Brooklyn,BASKETBALL - NBA,1.9,1.5,0.4825,-0.08325000000000005,V Spr Edge
162,Jan 16 At 20:00,New Orleans,Indiana,BASKETBALL - NBA,1.9,-4.5,0.4825,-0.08325000000000005,H Spr Edge
164,Jan 16 At 20:30,LosAngelesC,Toronto,BASKETBALL - NBA,,215.5,0.4825,-0.08325000000000005,TTl ov edge
145,Jan 16 At 20:00,Jackson Blake,Goals,HKY - GOAL SCORERS,4.25,0.5,0.21561473914629697,-0.08363735862823785,Over
167,Jan 16 At 20:00,Cleveland,Philadelphia,BASKETBALL - NBA H2H,1.64,0,0.5586450960566228,-0.08382204246713865,H edge
195,Jan 16 At 22:00,Cale Makar,Total Shots,HKY - TTL SHOTS,1.7,2.5,0.5386666666666666,-0.08426666666666671,Over
179,Jan 16 At 20:00,Alex Debrincat,Total Shots,HKY - TTL SHOTS,2.25,3.5,0.40645161290322596,-0.08548387096774157,Over
149,Jan 16 At 23:30,Alex Laferriere,Goals,HKY - GOAL SCORERS,3.6,0.5,0.2540036488951956,-0.08558686397729576,Over
133,Jan 16 At 22:00,Nashville,Colorado,HOCKEY - NHL,0.0,6,0.47110423116615063,-0.0860577915376678,TTl un Edge
243,Jan 16 At 20:30,Nic Claxton,Rebounds,BASKETBALL - NBA - TTL REBOUNDS,1.9,7.5,0.4808976756612342,-0.08629441624365508,Under
223,Jan 16 At 20:00,Donovan Mitchell,Assists,BASKETBALL - NBA - TTL ASSISTS,2.1,6.5,0.4348054679284963,-0.08690851735015781,Over
250,Jan 16 At 23:00,DOMANTAS SABONIS,Rebounds,BASKETBALL - NBA - TTL REBOUNDS,1.7,9.5,0.5370911991491625,-0.08694496144642383,Under
198,Jan 16 At 22:00,Nathan MacKinnon,Total Shots,HKY - TTL SHOTS,1.95,4.5,0.46819882415820413,-0.08701229289150192,Over
133,Jan 16 At 22:00,Nashville,Colorado,HOCKEY - NHL,0.0,-1.5,0.5215827338129496,-0.08723021582733814,H Spr Edge
188,Jan 16 At 20:00,Tyler Toffoli,Total Shots,HKY - TTL SHOTS,2.0,2.5,0.456089148315203,-0.08782170336959405,Over
192,Jan 16 At 21:00,Jordan Kyrou,Total Shots,HKY - TTL SHOTS,2.0,2.5,0.456089148315203,-0.08782170336959405,Over
131,Jan 16 At 20:00,San Jose,Detroit,HOCKEY - NHL,3.2,0,0.2850407410897625,-0.08786962851275992,V Edge
183,Jan 16 At 20:00,Patrick Kane,Total Shots,HKY - TTL SHOTS,2.0,2.5,0.4553666312433581,-0.08926673751328384,Over
189,Jan 16 At 20:00,Nikolaj Ehlers,Total Shots,HKY - TTL SHOTS,1.55,2.5,0.5873180873180873,-0.0896569646569646,Under
161,Jan 16 At 20:00,Cleveland,Philadelphia,BASKETBALL - NBA,1.82,-2.5,0.5,-0.08999999999999997,H Spr Edge
165,Jan 16 At 22:30,Minnesota,Houston,BASKETBALL - NBA,1.82,-4.5,0.5,-0.08999999999999997,H Spr Edge
210,Jan 16 At 20:00,Zion Williamson,points,BASKETBALL - NBA - TTL POINTS,1.9,24.5,0.4789108382274425,-0.09006940736785929,Over
220,Jan 16 At 23:00,DeMar DeRozan,points,BASKETBALL - NBA - TTL POINTS,1.9,20.5,0.47846889952153104,-0.09090909090909105,Over
146,Jan 16 At 20:00,Andrew Copp,Goals,HKY - GOAL SCORERS,4.25,0.5,0.21388738981831262,-0.09097859327217139,Over
190,Jan 16 At 21:00,Jake Guentzel,Total Shots,HKY - TTL SHOTS,1.55,2.5,0.5862516212710766,-0.09130998702983129,Under
144,Jan 16 At 23:30,Anaheim,Los Angeles,HOCKEY - NHL WINNING MARGIN,5.75,0,0.1578654808226793,-0.09227348526959411,V 3+ edge
168,Jan 16 At 20:00,New Orleans,Indiana,BASKETBALL - NBA H2H,1.52,0,0.5970885763631877,-0.09242536392795475,H edge
212,Jan 16 At 20:30,James Harden,points,BASKETBALL - NBA - TTL POINTS,1.8,25.5,0.5037282321899735,-0.09328918205804759,Over
130,Jan 16 At 20:00,Florida,Carolina,HOCKEY - NHL,0.0,6,0.4669070306464075,-0.09420036054596947,TTl ov edge
252,Jan 16 At 19:30,Toledo,Kent State,BASKETBALL - NCAA,1.87,0,0.4840465631471693,-0.09483292691479328,H edge
200,Jan 16 At 22:00,Steven Stamkos,Total Shots,HKY - TTL SHOTS,2.45,2.5,0.3692346048366991,-0.0953752181500871,Over
138,Jan 16 At 22:00,Nashville,Colorado,HOCKEY - NHL H2H,3.34,0,0.27076985577899654,-0.09562868169815164,V Edge
223,Jan 16 At 20:00,Donovan Mitchell,Assists,BASKETBALL - NBA - TTL ASSISTS,1.6,6.5,0.5651945320715037,-0.09568874868559396,Under
137,Jan 16 At 21:00,Tampa Bay,St. Louis,HOCKEY - NHL H2H,1.43,0,0.6323073252207111,-0.09580052493438318,V Edge
262,Jan 16 At 21:30,Ohio,Ball State,BASKETBALL - NCAA H2H,1.4,0,0.645620697840019,-0.09613102302397347,V Edge
181,Jan 16 At 20:00,Dylan Larkin,Total Shots,HKY - TTL SHOTS,2.0,2.5,0.451510333863275,-0.09697933227345001,Under
259,Jan 16 At 19:30,Toledo,Kent State,BASKETBALL - NCAA H2H,1.4,0,0.6447775398524863,-0.09731144420651927,H edge
235,Jan 16 At 23:00,Russell Westbrook,Assists,BASKETBALL - NBA - TTL ASSISTS,1.95,7.5,0.4629088008508375,-0.09732783834086689,Over
132,Jan 16 At 21:00,Tampa Bay,St. Louis,HOCKEY - NHL,3.3,0,0.27342565856172063,-0.09769532674632198,H edge
252,Jan 16 At 19:30,Toledo,Kent State,BASKETBALL - NCAA,1.87,169.5,0.48250000000000004,-0.09772499999999984,TTl un Edge
252,Jan 16 At 19:30,Toledo,Kent State,BASKETBALL - NCAA,1.87,-5.5,0.4825,-0.09772499999999995,H Spr Edge
254,Jan 16 At 21:30,Loyola Chicago,Dayton,BASKETBALL - NCAA,1.87,-16.5,0.4825,-0.09772499999999995,H Spr Edge
161,Jan 16 At 20:00,Cleveland,Philadelphia,BASKETBALL - NBA,,233.5,0.4825,-0.09772499999999995,TTl ov edge
170,Jan 16 At 20:30,LosAngelesC,Toronto,BASKETBALL - NBA H2H,1.69,0,0.5337078651685393,-0.09803370786516863,V Edge
225,Jan 16 At 20:00,Tyrese Maxey,Assists,BASKETBALL - NBA - TTL ASSISTS,1.75,6.5,0.5151109922439154,-0.09855576357314799,Under
130,Jan 16 At 20:00,Florida,Carolina,HOCKEY - NHL,0.0,-1.5,0.388454011741683,-0.09878669275929552,H Spr Edge
149,Jan 16 At 23:30,Kevin Fiala,Goals,HKY - GOAL SCORERS,2.65,0.5,0.3400527957763379,-0.09886009119270456,Over
134,Jan 16 At 23:30,Anaheim,Los Angeles,HOCKEY - NHL,2.67,0,0.3374879697294607,-0.09890712082233988,V Edge
201,Jan 16 At 23:30,Adrian Kempe,Total Shots,HKY - TTL SHOTS,1.6,2.5,0.5630810092961488,-0.09907038512616184,Over
257,Jan 16 At 23:30,Colorado State,Boise State,BASKETBALL - NCAA,1.8,0,0.5,-0.09999999999999998,H edge
256,Jan 16 At 21:30,Ohio,Ball State,BASKETBALL - NCAA,1.8,-4.5,0.5,-0.09999999999999998,V Spr Edge
165,Jan 16 At 22:30,Minnesota,Houston,BASKETBALL - NBA,1.92,0,0.46811862798601256,-0.10121223426685588,H edge
233,Jan 16 At 22:30,Julius Randle,Assists,BASKETBALL - NBA - TTL ASSISTS,1.95,5.5,0.4608233731739708,-0.1013944223107569,Over
130,Jan 16 At 20:00,Florida,Carolina,HOCKEY - NHL,3.0,0,0.2993589206402413,-0.10192323807927617,V Edge
146,Jan 16 At 20:00,Tyler Toffoli,Goals,HKY - GOAL SCORERS,3.4,0.5,0.26403326403326405,-0.10228690228690229,Over
199,Jan 16 At 22:00,Roman Josi,Total Shots,HKY - TTL SHOTS,1.6,2.5,0.5609691861996313,-0.10244930208058989,Under
247,Jan 16 At 22:30,Amen Thompson,Rebounds,BASKETBALL - NBA - TTL REBOUNDS,1.65,7.5,0.5439546274813096,-0.10247486465583922,Over
207,Jan 16 At 20:00,Pascal Siakam,points,BASKETBALL - NBA - TTL POINTS,1.9,25.5,0.47233955721525733,-0.10255484129101111,Under
228,Jan 16 At 20:30,James Harden,Assists,BASKETBALL - NBA - TTL ASSISTS,1.7,7.5,0.5272969374167776,-0.10359520639147801,Under
213,Jan 16 At 20:30,Kawhi Leonard,points,BASKETBALL - NBA - TTL POINTS,1.8,26.5,0.4979941160738165,-0.10361059106713033,Under
203,Jan 16 At 23:30,Cutter Gauthier,Total Shots,HKY - TTL SHOTS,1.7,2.5,0.527005347593583,-0.10409090909090901,Over
204,Jan 16 At 23:30,Kevin Fiala,Total Shots,HKY - TTL SHOTS,2.05,2.5,0.43654555028962605,-0.10508162190626669,Under
255,Jan 16 At 21:30,Marquette,DePaul,BASKETBALL - NCAA,2.05,0,0.4364405371085671,-0.10529689892743743,H edge
172,Jan 16 At 23:00,Washington,Sacramento,BASKETBALL - NBA H2H,1.29,0,0.69319921277061,-0.105773015525913,H edge
242,Jan 16 At 20:30,Ivica Zubac,Rebounds,BASKETBALL - NBA - TTL REBOUNDS,2.0,10.5,0.4470899470899472,-0.10582010582010559,Over
176,Jan 16 At 20:30,LosAngelesC,Toronto,BASKETBALL - NBA WINNING MARGIN,5.0,H 1-10,0.17878637961437172,-0.10606810192814142,H 10+edge
255,Jan 16 At 21:30,Marquette,DePaul,BASKETBALL - NCAA,1.92,-4.5,0.46499999999999997,-0.10720000000000007,H Spr Edge
163,Jan 16 At 20:30,Chicago,Brooklyn,BASKETBALL - NBA,2.29,0,0.38973875244420275,-0.1074982569027757,H edge
194,Jan 16 At 21:00,Brandon Hagel,Total Shots,HKY - TTL SHOTS,2.1,2.5,0.4248366013071895,-0.10784313725490202,Under
211,Jan 16 At 20:30,Brandon Ingram,points,BASKETBALL - NBA - TTL POINTS,1.9,24.5,0.4693395572152575,-0.10825484129101082,Over
248,Jan 16 At 22:30,Rudy Gobert,Rebounds,BASKETBALL - NBA - TTL REBOUNDS,1.75,11.5,0.5091055168719871,-0.10906534547402247,Under
162,Jan 16 At 20:00,New Orleans,Indiana,BASKETBALL - NBA,1.97,0,0.4522415739794161,-0.1090840992605503,H edge
147,Jan 16 At 21:00,Darren Raddysh,Goals,HKY - GOAL SCORERS,5.5,0.5,0.16192974785016762,-0.10938638682407809,Over
149,Jan 16 At 23:30,Andrei Kuzmenko,Goals,HKY - GOAL SCORERS,3.8,0.5,0.2343120322394934,-0.10961427748992514,Over
179,Jan 16 At 20:00,Alex Debrincat,Total Shots,HKY - TTL SHOTS,1.5,3.5,0.593548387096774,-0.10967741935483888,Under
134,Jan 16 At 23:30,Anaheim,Los Angeles,HOCKEY - NHL,2.03,0,0.4385788362382853,-0.1096849624362809,H edge
166,Jan 16 At 23:00,Washington,Sacramento,BASKETBALL - NBA,1.78,7.5,0.5,-0.10999999999999999,V Spr Edge
205,Jan 16 At 20:00,Donovan Mitchell,points,BASKETBALL - NBA - TTL POINTS,1.85,29.5,0.4808976756612343,-0.11033930002671644,Under
190,Jan 16 At 21:00,Jake Guentzel,Total Shots,HKY - TTL SHOTS,2.15,2.5,0.41374837872892345,-0.11044098573281458,Over
256,Jan 16 At 21:30,Ohio,Ball State,BASKETBALL - NCAA,4.19,0,0.21185539858339664,-0.11232587993556797,H edge
149,Jan 16 At 23:30,Mason McTavish,Goals,HKY - GOAL SCORERS,3.6,0.5,0.24652087475149104,-0.11252485089463227,Over
189,Jan 16 At 20:00,Nikolaj Ehlers,Total Shots,HKY - TTL SHOTS,2.15,2.5,0.4126819126819127,-0.11273388773388782,Over
155,Jan 16 At 20:05,Hartford,Wilkes-Barre,HOCKEY - AHL,3.85,0,0.23007485739540234,-0.11421179902770096,Tie Edge
132,Jan 16 At 21:00,Tampa Bay,St. Louis,HOCKEY - NHL,0.0,-1.5,0.40751804829474736,-0.11568583520039821,V Spr Edge
136,Jan 16 At 20:00,San Jose,Detroit,HOCKEY - NHL H2H,1.42,0,0.6224366706875755,-0.11613992762364289,H edge
193,Jan 16 At 21:00,Nikita Kucherov,Total Shots,HKY - TTL SHOTS,2.1,2.5,0.4208192016697103,-0.11627967649360826,Under
254,Jan 16 At 21:30,Loyola Chicago,Dayton,BASKETBALL - NCAA,1.9,142.5,0.46499999999999997,-0.11650000000000005,TTl un Edge
255,Jan 16 At 21:30,Marquette,DePaul,BASKETBALL - NCAA,1.9,144.5,0.46499999999999997,-0.11650000000000005,TTl un Edge
200,Jan 16 At 22:00,Steven Stamkos,Total Shots,HKY - TTL SHOTS,1.4,2.5,0.6307653951633009,-0.11692844677137881,Under
150,Jan 16 At 20:00,Manitoba,Laval,HOCKEY - AHL,3.8,0,0.23225758921128037,-0.11742116099713462,Tie Edge
174,Jan 16 At 20:00,New Orleans,Indiana,BASKETBALL - NBA WINNING MARGIN,6.3,Win 10+,0.14007109008876906,-0.11755213244075502,V 10+ edge
132,Jan 16 At 21:00,Tampa Bay,St. Louis,HOCKEY - NHL,4.05,0,0.21773942603999719,-0.11815532453801147,Tie Edge
206,Jan 16 At 20:00,Joel Embiid,points,BASKETBALL - NBA - TTL POINTS,1.9,25.5,0.4641109922439155,-0.11818911473656057,Under
260,Jan 16 At 21:00,Baylor,Kansas,BASKETBALL - NCAA H2H,3.47,0,0.25358475741504616,-0.12006089176978973,V Edge
130,Jan 16 At 20:00,Florida,Carolina,HOCKEY - NHL,4.0,0,0.21985250984664384,-0.12058996061342464,Tie Edge
159,Jan 16 At 22:00,San Jose,Tucson,HOCKEY - AHL,2.15,0,0.4086763578877257,-0.1213458305413897,V Edge
256,Jan 16 At 21:30,Ohio,Ball State,BASKETBALL - NCAA,1.82,146.5,0.48250000000000004,-0.1218499999999999,TTl un Edge
142,Jan 16 At 21:00,Tampa Bay,St. Louis,HOCKEY - NHL WINNING MARGIN,8.05,0,0.1088697130199986,-0.12359881018901109,H win OT EDGE
256,Jan 16 At 21:30,Ohio,Ball State,BASKETBALL - NCAA,1.87,0,0.46811862798601256,-0.12461816566615647,V Edge
234,Jan 16 At 23:00,Kyshawn George,Assists,BASKETBALL - NBA - TTL ASSISTS,1.75,4.5,0.5,-0.125,Under
251,Jan 16 At 19:30,Creighton,Providence,BASKETBALL - NCAA,2.9,0,0.3015317875469662,-0.12555781611379813,H edge
184,Jan 16 At 20:00,Sam Bennett,Total Shots,HKY - TTL SHOTS,1.95,2.5,0.4482758620689655,-0.12586206896551722,Over
156,Jan 16 At 21:00,Chicago,Milwaukee,HOCKEY - AHL,2.25,0,0.3883029721955896,-0.12631831255992332,H edge
163,Jan 16 At 20:30,Chicago,Brooklyn,BASKETBALL - NBA,2.6,0,0.3360081298057237,-0.12637886250511832,Tie Edge
164,Jan 16 At 20:30,LosAngelesC,Toronto,BASKETBALL - NBA,2.6,0,0.3360081298057237,-0.12637886250511832,Tie Edge
253,Jan 16 At 21:00,Baylor,Kansas,BASKETBALL - NCAA,1.55,0,0.5635594628914329,-0.12648283251827896,H edge
151,Jan 16 At 20:00,Rochester,Belleville,HOCKEY - AHL,1.85,0,0.4721571058288002,-0.1265093542167196,V Edge
147,Jan 16 At 21:00,Nikita Kucherov,Goals,HKY - GOAL SCORERS,2.1,0.5,0.4159245678365637,-0.12655840754321623,Over
134,Jan 16 At 23:30,Anaheim,Los Angeles,HOCKEY - NHL,3.9,0,0.22393319403225398,-0.1266605432742095,Tie Edge
164,Jan 16 At 20:30,LosAngelesC,Toronto,BASKETBALL - NBA,2.24,0,0.38973875244420275,-0.1269851945249858,V Edge
249,Jan 16 At 23:00,Alexandre Sarr,Rebounds,BASKETBALL - NBA - TTL REBOUNDS,1.75,7.5,0.4979941160738164,-0.12851029687082138,Under
156,Jan 16 At 21:00,Chicago,Milwaukee,HOCKEY - AHL,2.3,0,0.37871524448705657,-0.12895493767976995,V Edge
157,Jan 16 At 21:00,Toronto,Iowa,HOCKEY - AHL,3.0,0,0.2902547810074724,-0.12923565697758288,H edge
251,Jan 16 At 19:30,Creighton,Providence,BASKETBALL - NCAA,1.87,161.5,0.46499999999999997,-0.13044999999999995,TTl ov edge
165,Jan 16 At 22:30,Minnesota,Houston,BASKETBALL - NBA,,222.5,0.46499999999999997,-0.13044999999999995,TTl ov edge
153,Jan 16 At 20:00,Utica,Syracuse,HOCKEY - AHL,1.75,0,0.4966235653938164,-0.13090876056082124,H edge
159,Jan 16 At 22:00,San Jose,Tucson,HOCKEY - AHL,2.4,0,0.36201645875881217,-0.13116049897885085,H edge
166,Jan 16 At 23:00,Washington,Sacramento,BASKETBALL - NBA,1.54,0,0.5635594628914329,-0.13211842714719335,H edge
151,Jan 16 At 20:00,Rochester,Belleville,HOCKEY - AHL,2.8,0,0.3099328569680266,-0.13218800048952561,H edge
161,Jan 16 At 20:00,Cleveland,Philadelphia,BASKETBALL - NBA,2.6,0,0.33374857200493424,-0.1322537127871709,Tie Edge
161,Jan 16 At 20:00,Cleveland,Philadelphia,BASKETBALL - NBA,2.14,0,0.4051651283022042,-0.13294662543328295,H edge
152,Jan 16 At 20:00,Rockford,Grand Rapids,HOCKEY - AHL,4.15,0,0.20834441486215208,-0.13537067832206884,Tie Edge
232,Jan 16 At 22:30,Amen Thompson,Assists,BASKETBALL - NBA - TTL ASSISTS,2.1,4.5,0.4116122343182995,-0.13561430793157092,Under
165,Jan 16 At 22:30,Minnesota,Houston,BASKETBALL - NBA,2.7,0,0.3200259734305908,-0.13592987173740478,Tie Edge
160,Jan 16 At 23:00,Abbotsford,San Diego,HOCKEY - AHL,3.75,0,0.23039174914746746,-0.13603094069699706,Tie Edge
160,Jan 16 At 23:00,Abbotsford,San Diego,HOCKEY - AHL,2.6,0,0.33186392747234467,-0.13715378857190386,V Edge
156,Jan 16 At 21:00,Chicago,Milwaukee,HOCKEY - AHL,3.7,0,0.2329817833173538,-0.13796740172579092,Tie Edge
253,Jan 16 At 21:00,Baylor,Kansas,BASKETBALL - NCAA,3.0,0,0.28727058677758577,-0.1381882396672427,Tie Edge
209,Jan 16 At 20:00,Tyrese Maxey,points,BASKETBALL - NBA - TTL POINTS,1.85,26.5,0.46570972886762363,-0.13843700159489625,Under
153,Jan 16 At 20:00,Utica,Syracuse,HOCKEY - AHL,3.85,0,0.22372285982497048,-0.1386669896738636,Tie Edge
229,Jan 16 At 20:30,Scottie Barnes,Assists,BASKETBALL - NBA - TTL ASSISTS,2.1,5.5,0.4099023081805546,-0.13920515282083523,Over
157,Jan 16 At 21:00,Toronto,Iowa,HOCKEY - AHL,3.85,0,0.22316425985002736,-0.1408175995773947,Tie Edge
162,Jan 16 At 20:00,New Orleans,Indiana,BASKETBALL - NBA,2.65,0,0.3241311335829845,-0.14105249600509107,Tie Edge
131,Jan 16 At 20:00,San Jose,Detroit,HOCKEY - NHL,4.05,0,0.21203476063247373,-0.1412592194384814,Tie Edge
155,Jan 16 At 20:05,Hartford,Wilkes-Barre,HOCKEY - AHL,1.8,0,0.4766348291836216,-0.1420573074694811,H edge
217,Jan 16 At 22:30,Julius Randle,points,BASKETBALL - NBA - TTL POINTS,1.9,24.5,0.451510333863275,-0.14213036565977755,Over
226,Jan 16 At 20:30,Egor Demin,Assists,BASKETBALL - NBA - TTL ASSISTS,1.85,4.5,0.4629088008508375,-0.14361871842595053,Over
130,Jan 16 At 20:00,Florida,Carolina,HOCKEY - NHL,1.78,0,0.4807885695131148,-0.14419634626665556,H edge
150,Jan 16 At 20:00,Manitoba,Laval,HOCKEY - AHL,2.8,0,0.30556147949391044,-0.14442785741705078,V Edge
150,Jan 16 At 20:00,Manitoba,Laval,HOCKEY - AHL,1.85,0,0.4621809312948092,-0.14496527710460294,H edge
131,Jan 16 At 20:00,San Jose,Detroit,HOCKEY - NHL,1.7,0,0.5029244982777638,-0.1450283529278017,H edge
148,Jan 16 At 22:00,Luke Evangelista,Goals,HKY - GOAL SCORERS,4.5,0.5,0.189990121830754,-0.14504445176160696,Over
132,Jan 16 At 21:00,Tampa Bay,St. Louis,HOCKEY - NHL,1.68,0,0.5088349153982822,-0.14515734213088594,V Edge
257,Jan 16 At 23:30,Colorado State,Boise State,BASKETBALL - NCAA,2.75,0,0.31057034522328786,-0.14593155063595842,Tie Edge
149,Jan 16 At 23:30,Adrian Kempe,Goals,HKY - GOAL SCORERS,2.5,0.5,0.3414634146341463,-0.14634146341463428,Over
160,Jan 16 At 23:00,Abbotsford,San Diego,HOCKEY - AHL,1.95,0,0.4377443233801879,-0.1463985694086336,H edge
237,Jan 16 At 20:00,Evan Mobley,Rebounds,BASKETBALL - NBA - TTL REBOUNDS,1.9,9.5,0.4488606253312135,-0.1471648118706944,Over
157,Jan 16 At 21:00,Toronto,Iowa,HOCKEY - AHL,1.75,0,0.48658095914250027,-0.1484833215006245,V Edge
133,Jan 16 At 22:00,Nashville,Colorado,HOCKEY - NHL,1.4,0,0.6081957501609787,-0.14852594977462985,H edge
155,Jan 16 At 20:05,Hartford,Wilkes-Barre,HOCKEY - AHL,2.9,0,0.2932903134209761,-0.1494580910791693,V Edge
267,Jan 16 At 21:30,Marquette,DePaul,BASKETBALL - NCAA WINNING MARGIN,5.7,Win 10+,0.14916995033098135,-0.14973128311340633,V 10+ edge
257,Jan 16 At 23:30,Colorado State,Boise State,BASKETBALL - NCAA,1.9,140.5,0.4475,-0.14975000000000005,TTl ov edge
159,Jan 16 At 22:00,San Jose,Tucson,HOCKEY - AHL,3.7,0,0.22930718335346212,-0.15156342159219016,Tie Edge
256,Jan 16 At 21:30,Ohio,Ball State,BASKETBALL - NCAA,2.65,0,0.3200259734305908,-0.15193117040893445,Tie Edge
230,Jan 16 At 20:30,Tre Jones,Assists,BASKETBALL - NBA - TTL ASSISTS,1.95,6.5,0.4348054679284963,-0.15212933753943225,Over
238,Jan 16 At 20:00,Jarrett Allen,Rebounds,BASKETBALL - NBA - TTL REBOUNDS,1.85,8.5,0.4581673306772909,-0.15239043824701182,Under
166,Jan 16 At 23:00,Washington,Sacramento,BASKETBALL - NBA,2.95,0,0.28727058677758577,-0.15255176900612188,Tie Edge
149,Jan 16 At 23:30,Beckett Sennecke,Goals,HKY - GOAL SCORERS,3.2,0.5,0.26403326403326405,-0.15509355509355505,Over
222,Jan 16 At 20:00,Andrew Nembhard,Assists,BASKETBALL - NBA - TTL ASSISTS,1.7,7.5,0.4959893048128343,-0.15681818181818163,Under
141,Jan 16 At 20:00,San Jose,Detroit,HOCKEY - NHL WINNING MARGIN,7.95,0,-0.15716182648591703,-0.15716182648591703,V win ot edge
173,Jan 16 At 20:00,Cleveland,Philadelphia,BASKETBALL - NBA WINNING MARGIN,5.0,Win 10+,0.16852760746683781,-0.15736196266581093,V 10+ edge
239,Jan 16 At 20:00,Joel Embiid,Rebounds,BASKETBALL - NBA - TTL REBOUNDS,1.7,8.5,0.494908896034298,-0.15865487674169343,Under
140,Jan 16 At 20:00,Florida,Carolina,HOCKEY - NHL WINNING MARGIN,7.65,0,-0.15906414983658757,-0.15906414983658757,V win ot edge
231,Jan 16 At 22:30,Alperen Sengun,Assists,BASKETBALL - NBA - TTL ASSISTS,1.6,5.5,0.525319829424307,-0.1594882729211088,Over
175,Jan 16 At 20:30,Chicago,Brooklyn,BASKETBALL - NBA WINNING MARGIN,4.7,Win 10+,0.17878637961437172,-0.15970401581245286,V 10+ edge
252,Jan 16 At 19:30,Toledo,Kent State,BASKETBALL - NCAA,4.19,0,0.20045419326044966,-0.16009693023871585,V Edge
146,Jan 16 At 20:00,Lucas Raymond,Goals,HKY - GOAL SCORERS,2.9,0.5,0.2894852617685878,-0.16049274087109544,Over
153,Jan 16 At 20:00,Utica,Syracuse,HOCKEY - AHL,3.0,0,0.27965357478121305,-0.16103927565636078,V Edge
163,Jan 16 At 20:30,Chicago,Brooklyn,BASKETBALL - NBA,,226.5,0.4475,-0.16317499999999996,TTl ov edge
133,Jan 16 At 22:00,Nashville,Colorado,HOCKEY - NHL,4.2,0,0.19912685125563426,-0.1636672247263361,V Edge
252,Jan 16 At 19:30,Toledo,Kent State,BASKETBALL - NCAA,2.65,0,0.315499243592381,-0.16392700448019037,Tie Edge
146,Jan 16 At 20:00,Dylan Larkin,Goals,HKY - GOAL SCORERS,2.3,0.5,0.36338865494178846,-0.1642060936338866,Over
143,Jan 16 At 22:00,Nashville,Colorado,HOCKEY - NHL WINNING MARGIN,8.65,0,-0.1666702511268513,-0.1666702511268513,V win ot edge
240,Jan 16 At 20:00,Pascal Siakam,Rebounds,BASKETBALL - NBA - TTL REBOUNDS,1.65,7.5,0.5040106951871658,-0.16838235294117654,Under
164,Jan 16 At 20:30,LosAngelesC,Toronto,BASKETBALL - NBA,3.03,0,0.27425311775007355,-0.16901305321727722,H edge
161,Jan 16 At 20:00,Cleveland,Philadelphia,BASKETBALL - NBA,3.18,0,0.26108629969286157,-0.16974556697670018,V Edge
216,Jan 16 At 22:30,Amen Thompson,points,BASKETBALL - NBA - TTL POINTS,1.8,19.5,0.46010638297872336,-0.17180851063829794,Over
151,Jan 16 At 20:00,Rochester,Belleville,HOCKEY - AHL,3.8,0,0.21791003720317315,-0.1719418586279421,Tie Edge
146,Jan 16 At 20:00,Emmitt Finnie,Goals,HKY - GOAL SCORERS,4.25,0.5,0.194765978862607,-0.17224458983392033,Over
148,Jan 16 At 22:00,Steven Stamkos,Goals,HKY - GOAL SCORERS,3.2,0.5,0.2586490939044481,-0.17232289950576596,Over
177,Jan 16 At 22:30,Minnesota,Houston,BASKETBALL - NBA WINNING MARGIN,6.3,Win 10+,0.1313568810427307,-0.17245164943079672,V 10+ edge
145,Jan 16 At 20:00,Nikolaj Ehlers,Goals,HKY - GOAL SCORERS,3.1,0.5,0.26624737945492666,-0.1746331236897274,Over
149,Jan 16 At 23:30,Cutter Gauthier,Goals,HKY - GOAL SCORERS,3.1,0.5,0.2661509512858039,-0.17493205101400788,Over
148,Jan 16 At 22:00,Filip Forsberg,Goals,HKY - GOAL SCORERS,3.1,0.5,0.2651690111274407,-0.17797606550493383,Over
145,Jan 16 At 20:00,Evan Rodrigues,Goals,HKY - GOAL SCORERS,4.5,0.5,0.1826309067688378,-0.17816091954022983,Over
253,Jan 16 At 21:00,Baylor,Kansas,BASKETBALL - NCAA,5.5,0,0.14916995033098135,-0.17956527317960258,V Edge
255,Jan 16 At 21:30,Marquette,DePaul,BASKETBALL - NCAA,2.5,0,0.3277969651121817,-0.18050758721954574,Tie Edge
133,Jan 16 At 22:00,Nashville,Colorado,HOCKEY - NHL,4.25,0,0.19267739858338703,-0.18112105602060513,Tie Edge
152,Jan 16 At 20:00,Rockford,Grand Rapids,HOCKEY - AHL,3.7,0,0.22095606225090222,-0.18246256967166175,V Edge
257,Jan 16 At 23:30,Colorado State,Boise State,BASKETBALL - NCAA,4.3,0,0.18942965477671214,-0.18545248446013785,V Edge
145,Jan 16 At 20:00,Jordan Staal,Goals,HKY - GOAL SCORERS,4.25,0.5,0.19120079391333114,-0.1873966258683426,Over
148,Jan 16 At 22:00,Victor Olofsson,Goals,HKY - GOAL SCORERS,4.25,0.5,0.1907514450867052,-0.1893063583815029,Over
241,Jan 16 At 20:30,Collin Murray-Boyles,Rebounds,BASKETBALL - NBA - TTL REBOUNDS,2.0,8.5,0.4045040766688315,-0.19099184666233704,Over
178,Jan 16 At 23:00,Washington,Sacramento,BASKETBALL - NBA WINNING MARGIN,9.25,Win 10+,0.08691496194708503,-0.1960366019894635,V 10+ edge
163,Jan 16 At 20:30,Chicago,Brooklyn,BASKETBALL - NBA,2.93,0,0.27425311775007355,-0.1964383649922845,V Edge
191,Jan 16 At 21:00,Jimmy Snuggerud,Total Shots,HKY - TTL SHOTS,2.35,1.5,0.3414634146341463,-0.19756097560975616,Under
148,Jan 16 At 22:00,Michael Bunting,Goals,HKY - GOAL SCORERS,4.75,0.5,0.16893321245089152,-0.19756724085826527,Over
152,Jan 16 At 20:00,Rockford,Grand Rapids,HOCKEY - AHL,1.4,0,0.5706995228869457,-0.2010206679582761,H edge
149,Jan 16 At 23:30,Alex Killorn,Goals,HKY - GOAL SCORERS,4.75,0.5,0.16816277678037106,-0.20122681029323752,Over
221,Jan 16 At 23:00,Zach LaVine,points,BASKETBALL - NBA - TTL POINTS,1.9,20.5,0.41982153352925455,-0.20233908629441644,Under
251,Jan 16 At 19:30,Creighton,Providence,BASKETBALL - NCAA,2.35,0,0.3390446456710251,-0.20324508267309094,Tie Edge
246,Jan 16 At 22:30,Alperen Sengun,Rebounds,BASKETBALL - NBA - TTL REBOUNDS,1.85,8.5,0.4292166636841499,-0.20594917218432263,Under
147,Jan 16 At 21:00,Anthony Cirelli,Goals,HKY - GOAL SCORERS,3.5,0.5,0.22641509433962262,-0.20754716981132082,Over
162,Jan 16 At 20:00,New Orleans,Indiana,BASKETBALL - NBA,3.53,0,0.22362729243759938,-0.21059565769527422,V Edge
144,Jan 16 At 23:30,Anaheim,Los Angeles,HOCKEY - NHL WINNING MARGIN,7.05,0,-0.21063549103630508,-0.21063549103630508,V win ot edge
236,Jan 16 At 20:00,Derik Queen,Rebounds,BASKETBALL - NBA - TTL REBOUNDS,2.0,7.5,0.39273452948278154,-0.21453094103443693,Under
244,Jan 16 At 20:30,Nikola Vucevic,Rebounds,BASKETBALL - NBA - TTL REBOUNDS,1.95,10.5,0.3998371445076029,-0.22031756821017445,Over
147,Jan 16 At 21:00,Pavel Buchnevich,Goals,HKY - GOAL SCORERS,4.0,0.5,0.194765978862607,-0.22093608454957203,Over
265,Jan 16 At 19:30,Toledo,Kent State,BASKETBALL - NCAA WINNING MARGIN,6.3,Win 10+,0.12302440305134343,-0.22494626077653634,V 10+ edge
165,Jan 16 At 22:30,Minnesota,Houston,BASKETBALL - NBA,3.63,0,0.21185539858339664,-0.23096490314227025,V Edge
145,Jan 16 At 20:00,Eetu Luostarinen,Goals,HKY - GOAL SCORERS,4.75,0.5,0.1614771904417089,-0.2329833454018827,Over
145,Jan 16 At 20:00,Taylor Hall,Goals,HKY - GOAL SCORERS,3.75,0.5,0.20269802836388792,-0.2398823936354203,Over
146,Jan 16 At 20:00,Patrick Kane,Goals,HKY - GOAL SCORERS,2.9,0.5,0.26040379068809233,-0.24482900700453225,Over
148,Jan 16 At 22:00,Ryan O'Reilly,Goals,HKY - GOAL SCORERS,3.5,0.5,0.2144144144144144,-0.24954954954954967,Over
142,Jan 16 At 21:00,Tampa Bay,St. Louis,HOCKEY - NHL WINNING MARGIN,6.8,0,-0.2596859514640095,-0.2596859514640095,V win ot edge
147,Jan 16 At 21:00,Brayden Schenn,Goals,HKY - GOAL SCORERS,4.0,0.5,0.18150031786395424,-0.27399872854418306,Over
140,Jan 16 At 20:00,Florida,Carolina,HOCKEY - NHL WINNING MARGIN,6.6,0,0.10992625492332188,-0.2744867175060757,H win OT EDGE
269,Jan 16 At 23:30,Colorado State,Boise State,BASKETBALL - NCAA WINNING MARGIN,6.3,Win 10+,0.11506967022170822,-0.2750610776032383,V 10+ edge
143,Jan 16 At 22:00,Nashville,Colorado,HOCKEY - NHL WINNING MARGIN,1.85,0,0.39078751857355126,-0.2770430906389302,H 3+ edge
144,Jan 16 At 23:30,Anaheim,Los Angeles,HOCKEY - NHL WINNING MARGIN,6.45,0,0.11196659701612695,-0.2778154492459811,H win OT EDGE
166,Jan 16 At 23:00,Washington,Sacramento,BASKETBALL - NBA,4.8,0,0.14916995033098135,-0.2839842384112895,V Edge
141,Jan 16 At 20:00,San Jose,Detroit,HOCKEY - NHL WINNING MARGIN,6.75,0,0.10601738031623685,-0.28438268286540125,H win OT EDGE
174,Jan 16 At 20:00,New Orleans,Indiana,BASKETBALL - NBA WINNING MARGIN,3.2,V 1-10,0.21935247669323965,-0.2980720745816331,V 1-10 EDGE
175,Jan 16 At 20:30,Chicago,Brooklyn,BASKETBALL - NBA WINNING MARGIN,2.55,H 10+,0.27350530827051034,-0.30256146391019867,H 1-10 edge
178,Jan 16 At 23:00,Washington,Sacramento,BASKETBALL - NBA WINNING MARGIN,4.0,V 1-10,0.17417133774577653,-0.30331464901689387,V 1-10 EDGE
176,Jan 16 At 20:30,LosAngelesC,Toronto,BASKETBALL - NBA WINNING MARGIN,2.85,H 10+,0.2419539109465253,-0.31043135380240283,H 1-10 edge
173,Jan 16 At 20:00,Cleveland,Philadelphia,BASKETBALL - NBA WINNING MARGIN,2.5,H 10+,0.27581974404240583,-0.31045063989398547,H 1-10 edge
177,Jan 16 At 22:30,Minnesota,Houston,BASKETBALL - NBA WINNING MARGIN,2.45,H 10+,0.28093757633364436,-0.3117029379825713,H 1-10 edge
174,Jan 16 At 20:00,New Orleans,Indiana,BASKETBALL - NBA WINNING MARGIN,2.45,H 10+,0.2802926938952036,-0.31328289995675107,H 1-10 edge
143,Jan 16 At 22:00,Nashville,Colorado,HOCKEY - NHL WINNING MARGIN,7.1,0,0.09633869929169349,-0.3159952350289763,H win OT EDGE
176,Jan 16 At 20:30,LosAngelesC,Toronto,BASKETBALL - NBA WINNING MARGIN,2.5,V 1-10,0.27350530827051034,-0.31623672932372415,V 1-10 EDGE
177,Jan 16 At 22:30,Minnesota,Houston,BASKETBALL - NBA WINNING MARGIN,3.2,V 1-10,0.21322137734694502,-0.31769159248977585,V 1-10 EDGE
141,Jan 16 At 20:00,San Jose,Detroit,HOCKEY - NHL WINNING MARGIN,7.9,0,0.08617331937090844,-0.31923077696982327,vis 1 reg edge
266,Jan 16 At 21:00,Baylor,Kansas,BASKETBALL - NCAA WINNING MARGIN,7.8,Win 10+,0.08691496194708503,-0.3220632968127367,V 10+ edge
267,Jan 16 At 21:30,Marquette,DePaul,BASKETBALL - NCAA WINNING MARGIN,3.0,V 1-10,0.2253142149456986,-0.32405735516290424,V 1-10 EDGE
149,Jan 16 At 23:30,Chris Kreider,Goals,HKY - GOAL SCORERS,3.1,0.5,0.21786690975387418,-0.32461257976298996,Over
144,Jan 16 At 23:30,Anaheim,Los Angeles,HOCKEY - NHL WINNING MARGIN,7.0,0,0.09642507544538506,-0.32502447188230454,vis 1 reg edge
173,Jan 16 At 20:00,Cleveland,Philadelphia,BASKETBALL - NBA WINNING MARGIN,2.85,V 1-10,0.23663752083536638,-0.3255830656192058,V 1-10 EDGE
141,Jan 16 At 20:00,San Jose,Detroit,HOCKEY - NHL WINNING MARGIN,2.2,0,0.3053097345132743,-0.3283185840707965,H 3+ edge
266,Jan 16 At 21:00,Baylor,Kansas,BASKETBALL - NCAA WINNING MARGIN,3.85,V 1-10,0.17417133774577653,-0.32944034967876035,V 1-10 EDGE
141,Jan 16 At 20:00,San Jose,Detroit,HOCKEY - NHL WINNING MARGIN,9.75,0,0.06863816149668436,-0.3307779254073274,Vis By 2 edge
175,Jan 16 At 20:30,Chicago,Brooklyn,BASKETBALL - NBA WINNING MARGIN,2.75,V 1-10,0.2419539109465253,-0.33462674489705546,V 1-10 EDGE
265,Jan 16 At 19:30,Toledo,Kent State,BASKETBALL - NCAA WINNING MARGIN,3.2,V 1-10,0.2069441506092502,-0.3377787180503993,V 1-10 EDGE
140,Jan 16 At 20:00,Florida,Carolina,HOCKEY - NHL WINNING MARGIN,9.0,0,0.07263572196030607,-0.34627850235724533,Vis By 2 edge
144,Jan 16 At 23:30,Anaheim,Los Angeles,HOCKEY - NHL WINNING MARGIN,2.65,0,2.65,-0.34941961694718504,H 3+ edge
144,Jan 16 At 23:30,Anaheim,Los Angeles,HOCKEY - NHL WINNING MARGIN,7.8,0,0.08319741346139636,-0.3510601750011084,Vis By 2 edge
178,Jan 16 At 23:00,Washington,Sacramento,BASKETBALL - NBA WINNING MARGIN,2.35,H 10+,0.27581974404240583,-0.3518236015003463,H 1-10 edge
268,Jan 16 At 21:30,Ohio,Ball State,BASKETBALL - NCAA WINNING MARGIN,2.3,V 1-10,0.28093757633364436,-0.35384357443261805,V 1-10 EDGE
140,Jan 16 At 20:00,Florida,Carolina,HOCKEY - NHL WINNING MARGIN,7.6,0,0.08484676847398556,-0.35516455959770976,vis 1 reg edge
140,Jan 16 At 20:00,Florida,Carolina,HOCKEY - NHL WINNING MARGIN,2.35,0,2.35,-0.35678564017431,H 3+ edge
264,Jan 16 At 19:30,Creighton,Providence,BASKETBALL - NCAA WINNING MARGIN,2.4,V 1-10,0.2677012063992602,-0.35751710464177555,V 1-10 EDGE
269,Jan 16 At 23:30,Colorado State,Boise State,BASKETBALL - NCAA WINNING MARGIN,3.2,V 1-10,0.2005440262945144,-0.3582591158575539,V 1-10 EDGE
142,Jan 16 At 21:00,Tampa Bay,St. Louis,HOCKEY - NHL WINNING MARGIN,8.0,0,-0.3809637595128248,-0.3809637595128248,H win 1 Reg edge
142,Jan 16 At 21:00,Tampa Bay,St. Louis,HOCKEY - NHL WINNING MARGIN,2.15,0,0.28770053475935825,-0.3814438502673798,V 3+ edge
143,Jan 16 At 22:00,Nashville,Colorado,HOCKEY - NHL WINNING MARGIN,4.6,0,0.13079521523939835,-0.39834200989876767,H by 2 edge
142,Jan 16 At 21:00,Tampa Bay,St. Louis,HOCKEY - NHL WINNING MARGIN,5.85,0,0.10131686710353482,-0.4072963274443213,vis 1 reg edge
142,Jan 16 At 21:00,Tampa Bay,St. Louis,HOCKEY - NHL WINNING MARGIN,4.9,0,0.11981751353538911,-0.41289418367659336,Vis By 2 edge
140,Jan 16 At 20:00,Florida,Carolina,HOCKEY - NHL WINNING MARGIN,5.1,0,0.11474577351798515,-0.41479655505827573,H by 2 edge
144,Jan 16 At 23:30,Anaheim,Los Angeles,HOCKEY - NHL WINNING MARGIN,5.5,0,0.10584932001066649,-0.4178287399413343,H by 2 edge
141,Jan 16 At 20:00,San Jose,Detroit,HOCKEY - NHL WINNING MARGIN,4.95,0,0.11516191626444766,-0.42994851449098404,H by 2 edge
143,Jan 16 At 22:00,Nashville,Colorado,HOCKEY - NHL WINNING MARGIN,8.85,0,0.06208981421859722,-0.45050514416541465,vis 1 reg edge
143,Jan 16 At 22:00,Nashville,Colorado,HOCKEY - NHL WINNING MARGIN,6.15,0,-0.46732994945962103,-0.46732994945962103,H win 1 Reg edge
140,Jan 16 At 20:00,Florida,Carolina,HOCKEY - NHL WINNING MARGIN,5.65,0,-0.47830974859141007,-0.47830974859141007,H win 1 Reg edge
144,Jan 16 At 23:30,Anaheim,Los Angeles,HOCKEY - NHL WINNING MARGIN,5.9,0,-0.48535783916708974,-0.48535783916708974,H win 1 Reg edge
141,Jan 16 At 20:00,San Jose,Detroit,HOCKEY - NHL WINNING MARGIN,5.8,0,-0.5217734844997577,-0.5217734844997577,H win 1 Reg edge
254,Jan 16 At 21:30,Loyola Chicago,Dayton,BASKETBALL - NCAA,0.0,0,0.04271622079132886,-1.0,V Edge
254,Jan 16 At 21:30,Loyola Chicago,Dayton,BASKETBALL - NCAA,0.0,0,0.7995458067395503,-1.0,H edge
254,Jan 16 At 21:30,Loyola Chicago,Dayton,BASKETBALL - NCAA,0.0,0,0.1577379724691208,-1.0,Tie Edge
135,Jan 16 At 20:00,Florida,Carolina,HOCKEY - NHL H2H,0.0,0,0.0,-1.0,Tie Edge
136,Jan 16 At 20:00,San Jose,Detroit,HOCKEY - NHL H2H,0.0,0,0.0,-1.0,Tie Edge
137,Jan 16 At 21:00,Tampa Bay,St. Louis,HOCKEY - NHL H2H,0.0,0,0.0,-1.0,Tie Edge
138,Jan 16 At 22:00,Nashville,Colorado,HOCKEY - NHL H2H,0.0,0,0.0,-1.0,Tie Edge
139,Jan 16 At 23:30,Anaheim,Los Angeles,HOCKEY - NHL H2H,0.0,0,0.0,-1.0,Tie Edge
264,Jan 16 At 19:30,Creighton,Providence,BASKETBALL - NCAA WINNING MARGIN,2.6,H 10+,0.0,-1.0,H 1-10 edge
265,Jan 16 At 19:30,Toledo,Kent State,BASKETBALL - NCAA WINNING MARGIN,2.25,H 10+,0.0,-1.0,H 1-10 edge
266,Jan 16 At 21:00,Baylor,Kansas,BASKETBALL - NCAA WINNING MARGIN,2.25,H 10+,0.0,-1.0,H 1-10 edge
267,Jan 16 At 21:30,Marquette,DePaul,BASKETBALL - NCAA WINNING MARGIN,2.3,H 10+,0.0,-1.0,H 1-10 edge
268,Jan 16 At 21:30,Ohio,Ball State,BASKETBALL - NCAA WINNING MARGIN,3.0,H 10+,0.0,-1.0,H 1-10 edge
269,Jan 16 At 23:30,Colorado State,Boise State,BASKETBALL - NCAA WINNING MARGIN,2.25,H 10+,0.0,-1.0,H 1-10 edge
264,Jan 16 At 19:30,Creighton,Providence,BASKETBALL - NCAA WINNING MARGIN,4.45,H 1-10,0.0,-1.0,H 10+edge
265,Jan 16 At 19:30,Toledo,Kent State,BASKETBALL - NCAA WINNING MARGIN,2.5,H 1-10,0.0,-1.0,H 10+edge
266,Jan 16 At 21:00,Baylor,Kansas,BASKETBALL - NCAA WINNING MARGIN,2.05,H 1-10,0.0,-1.0,H 10+edge
267,Jan 16 At 21:30,Marquette,DePaul,BASKETBALL - NCAA WINNING MARGIN,2.8,H 1-10,0.0,-1.0,H 10+edge
268,Jan 16 At 21:30,Ohio,Ball State,BASKETBALL - NCAA WINNING MARGIN,5.7,H 1-10,0.0,-1.0,H 10+edge
269,Jan 16 At 23:30,Colorado State,Boise State,BASKETBALL - NCAA WINNING MARGIN,2.5,H 1-10,0.0,-1.0,H 10+edge
251,Jan 16 At 19:30,Creighton,Providence,BASKETBALL - NCAA,1.87,0,0.0,-1.0,Over
252,Jan 16 At 19:30,Toledo,Kent State,BASKETBALL - NCAA,1.87,0,0.0,-1.0,Over
253,Jan 16 At 21:00,Baylor,Kansas,BASKETBALL - NCAA,1.87,0,0.0,-1.0,Over
254,Jan 16 At 21:30,Loyola Chicago,Dayton,BASKETBALL - NCAA,1.82,0,0.0,-1.0,Over
255,Jan 16 At 21:30,Marquette,DePaul,BASKETBALL - NCAA,1.82,0,0.0,-1.0,Over
256,Jan 16 At 21:30,Ohio,Ball State,BASKETBALL - NCAA,1.9,0,0.0,-1.0,Over
257,Jan 16 At 23:30,Colorado State,Boise State,BASKETBALL - NCAA,1.9,0,0.0,-1.0,Over
258,Jan 16 At 19:30,Creighton,Providence,BASKETBALL - NCAA H2H,0.0,0,0.0,-1.0,Over
259,Jan 16 At 19:30,Toledo,Kent State,BASKETBALL - NCAA H2H,0.0,0,0.0,-1.0,Over
260,Jan 16 At 21:00,Baylor,Kansas,BASKETBALL - NCAA H2H,0.0,0,0.0,-1.0,Over
261,Jan 16 At 21:30,Marquette,DePaul,BASKETBALL - NCAA H2H,0.0,0,0.0,-1.0,Over
262,Jan 16 At 21:30,Ohio,Ball State,BASKETBALL - NCAA H2H,0.0,0,0.0,-1.0,Over
